feature,specie
"[-4.7253397e+02  4.3075203e+01 -6.7894568e+00  2.1450113e+01
 -1.2705062e+01  1.9729376e+01  1.2826557e+01 -3.2530391e+00
  3.8967547e+00  5.5121517e+00 -1.1361712e+00  6.6832862e+00
 -4.2220721e+00 -1.9683139e+00  5.5125171e-01 -3.9191015e+00
 -5.3175912e+00  2.2544506e+00 -2.8995926e+00  2.2810401e-01
  4.0764165e+00  2.3026440e+00  1.6691792e+00  1.6475835e+00
 -1.2810892e-02  4.2973384e-02 -9.0248328e-01 -1.9549757e+00
 -1.7785584e+00 -1.7982584e-01 -1.8466462e+00 -2.7781527e+00
 -2.9747027e-01 -1.1273216e+00  2.5103739e-01  6.3742054e-01
  1.1446421e+00  2.9844403e-01  1.2815377e+00 -9.2070895e-01]",New Holland
"[-3.5992935e+02  1.2354678e+01 -7.4880753e+01  2.4984184e+01
 -7.0570374e+01 -2.0947077e+01 -1.3115354e+01 -1.2509544e+01
 -2.3142490e+01 -1.8086441e+00 -1.0937186e+01  2.4026506e+00
 -8.9523411e+00  1.5003945e+01 -3.7797065e+00  1.0368776e+01
  1.1501136e+01  7.0998573e+00  1.2695642e+01  1.1078588e+01
  7.7191024e+00  1.3455508e+01  4.6773653e+00  1.2635032e+01
  5.3267069e+00  6.2495198e+00  2.2367790e+00  2.9444561e+00
 -2.7249235e-01  1.5754534e+00 -5.8777839e-01 -1.5680362e+00
 -2.9528722e-01 -1.3701732e+00  4.4835514e-01  2.2735861e-01
  4.6826455e-01  1.5372982e+00  2.1301920e+00  1.8528849e+00]",New Holland
"[-5.7515930e+02  3.8399807e+01  3.3308998e+01  2.9102974e+01
 -1.0370859e+00  3.5893322e+01 -6.6285505e+00  2.6416567e+01
 -3.1480765e+00  2.1298935e+01 -7.9744945e+00  1.5625525e+01
 -2.5231702e+00  8.2642269e+00 -3.4560678e+00  4.7827029e+00
 -2.8164124e+00  2.6461916e+00 -4.8716893e+00  1.6404066e+00
 -6.0919957e+00 -1.7541631e-01 -6.2367463e+00  6.5910959e-01
 -6.8557477e+00 -5.9661901e-01 -5.3103371e+00 -9.0082973e-01
 -3.8033440e+00 -2.4376905e+00 -2.6218517e+00 -1.8042346e+00
 -2.4626801e+00 -2.6475978e+00 -1.9233313e+00 -2.2613602e+00
 -2.4221127e+00 -2.0813854e+00 -1.9124341e+00 -2.2094116e+00]",New Holland
"[-426.14066     91.62512     19.335293    42.49482     19.241476
   32.700485    12.041158    18.6106       4.9265175   13.531414
    2.3230147   10.3415365    1.4517875    7.884287     3.3251
    5.9237914    3.0075114    6.633152     2.3307838    4.90162
    1.5760131    4.032387     2.4771001    1.4929432    1.897006
    1.8202746    2.0046723    1.4640447    2.3970587    2.4736993
    5.307531     3.8869386    6.3742766    5.082355     6.959673
    5.401619     6.3725114    4.218643     4.767789     2.4586658]",New Holland
"[-4.20437714e+02  7.21247482e+01  1.11875858e+01  5.08873062e+01
  1.18394785e+01  2.09193592e+01  2.57213459e+01  2.07781925e+01
  4.67374802e+00  2.62034588e+01  8.15322018e+00  1.58362732e+01
  8.81775093e+00  1.26235046e+01  8.69030285e+00  9.57745838e+00
  7.18551636e+00  1.17939672e+01  5.30627108e+00  5.87593412e+00
  5.20501137e+00  4.58482170e+00  3.95791960e+00  4.52696753e+00
  2.75466037e+00  4.14133835e+00  3.10829949e+00  3.56420803e+00
  4.75886726e+00  1.98925257e+00  4.09065056e+00  1.95526338e+00
  2.68656826e+00  1.69851542e+00  2.66067219e+00  5.81645191e-01
  1.04807830e+00 -2.80046493e-01  8.12280595e-01  1.03585386e+00]",New Holland
"[-424.19766     -93.305664    -16.535404     40.424       -64.657745
   35.50958     -50.84161       3.1042182   -20.72318      -7.816369
   -9.999686     -7.3967433    -5.816623     -5.805274     -5.2292824
   -1.5738271    -5.592185      1.5161402    -7.475886      4.9347095
  -11.821064      7.5755663    -9.982904      4.261362     -6.900713
    3.7768135    -4.0915594     2.3996682    -2.2362657     1.9698539
   -1.6143397    -0.51344836   -0.8849123    -0.6512999    -0.77943575
    1.165547     -2.2075546     2.1959417    -1.6441164     2.8454614 ]",New Holland
"[-3.6062350e+02 -2.2936909e+01 -6.0767506e+01  8.0612961e+01
 -7.2071466e+00  2.2045147e+01  1.4881111e+01  1.1770128e+01
 -3.7600648e+00  2.7588629e+01 -1.2475308e+01  1.2329361e+01
  1.5215112e+00  5.5545044e+00 -7.4641263e-01  7.5965381e+00
  9.5553964e-01  4.6998715e+00 -5.3290648e+00  3.3125916e+00
 -1.6393266e+00  1.2017576e+00 -2.8227514e-01 -9.5959032e-01
 -1.7578920e+00  1.6445372e+00 -3.0617120e+00 -8.6358255e-01
  2.2403314e+00 -1.8944088e-01  3.1638721e-01 -2.7492639e-01
  8.5587537e-01 -4.1796809e-01 -9.7765332e-01 -1.1239687e+00
  1.0521784e+00  4.5754798e-02  9.6364212e-01 -8.6679125e-01]",New Holland
"[-5.4721130e+02  9.7673025e+00 -7.6494937e+00  2.2852858e+01
 -2.3625835e+01  2.6042023e+01 -2.5378143e+01  1.0527773e+01
 -6.7056246e+00  3.8284297e+00 -6.6498661e-01  3.1686432e+00
  1.0788072e+00 -2.3428807e-01  3.8823733e+00 -1.3338069e+00
  1.9833360e+00  2.5893509e+00 -4.1606770e+00  3.7209382e+00
 -3.9787371e+00  1.6163241e+00 -2.5192716e+00  8.4035552e-01
 -3.6212168e+00  1.0219644e+00 -3.2306066e+00 -1.5109992e+00
 -1.7311263e+00 -2.4403143e+00 -2.3306122e+00 -1.6836690e+00
 -2.8862417e+00 -2.2566657e+00 -2.1676021e+00 -2.6744611e+00
 -1.7296598e+00 -1.7214119e+00 -2.1212227e+00 -1.6363822e+00]",New Holland
"[-5.52771851e+02  1.10177889e+01  1.67289579e+00  2.28894100e+01
 -2.16854992e+01  2.60015869e+01 -2.46562996e+01  9.25312805e+00
 -3.92987132e+00 -3.73150206e+00  6.07338238e+00 -5.25524902e+00
  4.43524504e+00 -3.41245222e+00  3.71191651e-01  1.02107418e+00
 -2.85200715e+00  4.05795145e+00 -6.73297119e+00  4.04117250e+00
 -3.10934019e+00  8.36177647e-01  1.01899505e-01 -1.48194957e+00
 -1.85377252e+00 -6.84947968e-01 -2.46945217e-01 -2.04004908e+00
 -1.58537805e-01 -2.30750084e+00 -1.69776094e+00 -9.43903208e-01
 -2.10247636e+00 -1.13426721e+00 -2.16642022e+00 -2.79139042e+00
 -3.97827029e+00 -3.05347395e+00 -3.59659553e+00 -2.75512624e+00]",New Holland
"[-360.4539        8.295294    -67.54834      62.82869     -22.785946
    0.39420202    1.8747666    -1.7515165   -15.61488      18.884073
  -20.55126       3.0943987    -7.1238027    -2.7738972    -8.226937
    0.51421106   -4.253838     -1.9163474    -9.832187     -0.64790314
   -6.228208     -4.1491566    -3.5939534    -5.0070376    -5.4571576
   -1.9483589    -5.569675     -4.4625893    -1.5916218    -3.6289272
   -3.2398028    -3.5150454    -1.9672842    -2.6845932    -3.4941993
   -3.079956     -1.3466878    -2.5822487    -1.8661118    -3.0563982 ]",New Holland
"[-360.4539        8.295294    -67.54834      62.82869     -22.785946
    0.39420202    1.8747666    -1.7515165   -15.61488      18.884073
  -20.55126       3.0943987    -7.1238027    -2.7738972    -8.226937
    0.51421106   -4.253838     -1.9163474    -9.832187     -0.64790314
   -6.228208     -4.1491566    -3.5939534    -5.0070376    -5.4571576
   -1.9483589    -5.569675     -4.4625893    -1.5916218    -3.6289272
   -3.2398028    -3.5150454    -1.9672842    -2.6845932    -3.4941993
   -3.079956     -1.3466878    -2.5822487    -1.8661118    -3.0563982 ]",New Holland
"[-3.4527475e+02  1.0622412e+02 -3.9679981e+01  3.0041300e+01
 -5.4284482e+00  1.0965077e+01 -8.9246101e+00  1.0937309e+01
 -1.1447853e+01  6.9210334e+00 -1.2356364e+01  5.5812163e+00
 -1.1010774e+01  2.9387586e+00 -9.0535240e+00  1.2525967e+00
 -7.5170193e+00 -1.7866135e+00 -8.0274439e+00  1.6605067e+00
 -5.9149451e+00  2.6526034e+00 -6.7832046e+00  1.3304341e+00
 -3.5275609e+00 -1.8901507e+00 -6.3656443e-01  5.8022767e-01
  5.6912357e-01  1.5112247e+00 -3.9556401e+00 -1.0368264e-01
 -2.3635833e+00 -6.5452695e-01 -1.0571909e+00 -2.6900613e+00
  2.4436271e-01 -4.0728498e+00  1.3828238e-02 -2.6095002e+00]",New Holland
"[-2.0762700e+02  2.6271706e+01 -7.8022545e+01  3.8858868e+01
 -4.4513577e+01  1.8317755e+01 -1.8415461e+01 -1.5936158e+00
  3.8435876e+00  2.5679414e+00 -1.0128344e+01  1.6495024e+01
 -1.6817226e+01  1.1572880e+01 -7.4624271e+00  3.7597487e+00
 -5.1569490e+00  6.8082600e+00 -8.2920523e+00  7.5201368e+00
 -5.2899747e+00  1.5228492e+00 -2.5587871e+00  2.4397562e+00
 -4.8491144e+00  3.1947403e+00 -2.5419123e+00 -3.8570234e-01
  4.4602352e-01 -4.5096681e-01 -1.1766934e+00  1.4141582e-01
 -6.9357163e-01  3.4211871e-01  4.4069734e-01  3.9776325e-01
 -2.4098986e-01  1.5192501e-01  4.5586437e-01 -4.5333251e-01]",New Holland
"[-2.0762700e+02  2.6271706e+01 -7.8022545e+01  3.8858868e+01
 -4.4513577e+01  1.8317755e+01 -1.8415461e+01 -1.5936158e+00
  3.8435876e+00  2.5679414e+00 -1.0128344e+01  1.6495024e+01
 -1.6817226e+01  1.1572880e+01 -7.4624271e+00  3.7597487e+00
 -5.1569490e+00  6.8082600e+00 -8.2920523e+00  7.5201368e+00
 -5.2899747e+00  1.5228492e+00 -2.5587871e+00  2.4397562e+00
 -4.8491144e+00  3.1947403e+00 -2.5419123e+00 -3.8570234e-01
  4.4602352e-01 -4.5096681e-01 -1.1766934e+00  1.4141582e-01
 -6.9357163e-01  3.4211871e-01  4.4069734e-01  3.9776325e-01
 -2.4098986e-01  1.5192501e-01  4.5586437e-01 -4.5333251e-01]",New Holland
"[-4.26569305e+02 -9.01023560e+01 -1.06826904e+02 -2.45333977e+01
 -1.90943468e+00  4.93252869e+01 -9.36984062e+00  2.89206562e+01
 -2.16898346e+01  5.27277279e+00 -1.40533838e+01  3.26454329e+00
 -1.92055511e+00  4.09382820e+00 -2.29805255e+00  4.01818180e+00
 -2.79752111e+00  7.17040443e+00 -7.71847248e+00  4.75949001e+00
 -6.31928635e+00  5.39232683e+00 -4.37987041e+00  3.45741391e+00
 -2.25155735e+00  1.78930771e+00 -9.46208000e-01  2.01024818e+00
 -1.78963149e+00  3.24758410e-01 -9.21350002e-01  1.47026062e+00
 -1.45136893e+00  7.79865086e-01  1.93619385e-01 -2.09187210e-01
 -3.15309107e-01  5.14121950e-01  3.65884960e-01 -1.18291283e+00]",New Holland
"[-4.5452621e+02  7.6038904e+00 -2.3600311e+01  3.5124557e+01
 -2.7940674e+00 -3.3384433e+00  9.2034149e+00  4.5567827e+00
 -4.2913022e+00  1.1305527e+01 -7.3426884e-01  5.5215979e+00
  2.0869176e+00  6.9262538e+00 -2.6270919e+00  6.7805028e+00
  1.5678648e+00  5.8473516e+00  1.9989604e+00  4.9323101e+00
  1.1523408e-01  3.3793523e+00  2.7211592e+00  3.3039159e-01
  4.1256380e-01  1.2552828e+00 -8.3733171e-01 -2.3148887e-02
 -9.8052658e-02 -2.3956516e+00 -2.5093918e+00 -6.3683462e-01
  1.4864993e+00 -1.7334543e+00 -4.1403165e-01 -9.4390714e-01
  7.5240266e-01 -2.3643422e+00 -5.2943271e-01 -1.2307917e+00]",New Holland
"[-4.5452621e+02  7.6038904e+00 -2.3600311e+01  3.5124557e+01
 -2.7940674e+00 -3.3384433e+00  9.2034149e+00  4.5567827e+00
 -4.2913022e+00  1.1305527e+01 -7.3426884e-01  5.5215979e+00
  2.0869176e+00  6.9262538e+00 -2.6270919e+00  6.7805028e+00
  1.5678648e+00  5.8473516e+00  1.9989604e+00  4.9323101e+00
  1.1523408e-01  3.3793523e+00  2.7211592e+00  3.3039159e-01
  4.1256380e-01  1.2552828e+00 -8.3733171e-01 -2.3148887e-02
 -9.8052658e-02 -2.3956516e+00 -2.5093918e+00 -6.3683462e-01
  1.4864993e+00 -1.7334543e+00 -4.1403165e-01 -9.4390714e-01
  7.5240266e-01 -2.3643422e+00 -5.2943271e-01 -1.2307917e+00]",New Holland
"[-5.2658722e+02  8.6167603e+00 -1.5813729e+00  2.0991892e+01
 -2.5440309e+00  2.5044663e+00  2.8930237e+00 -3.8099694e+00
 -1.0327643e+00  4.9349065e+00  2.0651700e+00 -2.1129198e+00
  1.6051052e+00  2.4896309e+00  1.5133907e+00  3.2277982e+00
  1.4936829e+00  3.4661522e+00  3.7399724e+00  4.7706141e+00
  2.5324171e+00  2.2923908e+00  1.6261624e+00  1.6609616e+00
  4.0547958e-01  1.0259807e+00 -1.4035535e-02  5.8434606e-01
  1.6646013e+00  1.0383881e+00 -1.7802984e-01  1.0058553e+00
  1.8831868e-01 -5.9080619e-01 -7.3503137e-01  2.4535710e-01
  1.2051263e-01  3.0921578e-01  8.4778681e-02 -1.2310398e+00]",New Holland
"[-5.2658722e+02  8.6167603e+00 -1.5813729e+00  2.0991892e+01
 -2.5440309e+00  2.5044663e+00  2.8930237e+00 -3.8099694e+00
 -1.0327643e+00  4.9349065e+00  2.0651700e+00 -2.1129198e+00
  1.6051052e+00  2.4896309e+00  1.5133907e+00  3.2277982e+00
  1.4936829e+00  3.4661522e+00  3.7399724e+00  4.7706141e+00
  2.5324171e+00  2.2923908e+00  1.6261624e+00  1.6609616e+00
  4.0547958e-01  1.0259807e+00 -1.4035535e-02  5.8434606e-01
  1.6646013e+00  1.0383881e+00 -1.7802984e-01  1.0058553e+00
  1.8831868e-01 -5.9080619e-01 -7.3503137e-01  2.4535710e-01
  1.2051263e-01  3.0921578e-01  8.4778681e-02 -1.2310398e+00]",New Holland
"[-4.5992969e+02 -4.6374485e+01  8.7435627e+00  3.4108440e+01
 -3.9598125e+01  4.9503330e+01 -3.3073471e+01  2.4481611e+01
 -6.4855995e+00 -3.7140064e+00  1.7361614e+01 -7.2059259e+00
  1.0752721e+01  3.4401982e+00  3.5777366e+00  3.8387938e+00
  2.2634056e+00  8.2341261e+00 -2.5051494e+00  1.2315779e+01
 -5.6167893e+00  7.8745832e+00 -7.4173194e-01  3.6207352e+00
 -6.0348600e-01  3.1420979e+00 -2.6120803e-01  1.8759995e+00
  3.6712974e-01  1.3674143e-01  1.7622025e+00 -1.7316135e+00
  2.2014158e+00 -1.1813421e+00 -5.2524960e-01 -6.0265875e-01
 -8.6319506e-01 -2.7380435e+00 -6.1367685e-01 -1.9502809e+00]",New Holland
"[-4.5992969e+02 -4.6374485e+01  8.7435627e+00  3.4108440e+01
 -3.9598125e+01  4.9503330e+01 -3.3073471e+01  2.4481611e+01
 -6.4855995e+00 -3.7140064e+00  1.7361614e+01 -7.2059259e+00
  1.0752721e+01  3.4401982e+00  3.5777366e+00  3.8387938e+00
  2.2634056e+00  8.2341261e+00 -2.5051494e+00  1.2315779e+01
 -5.6167893e+00  7.8745832e+00 -7.4173194e-01  3.6207352e+00
 -6.0348600e-01  3.1420979e+00 -2.6120803e-01  1.8759995e+00
  3.6712974e-01  1.3674143e-01  1.7622025e+00 -1.7316135e+00
  2.2014158e+00 -1.1813421e+00 -5.2524960e-01 -6.0265875e-01
 -8.6319506e-01 -2.7380435e+00 -6.1367685e-01 -1.9502809e+00]",New Holland
"[-5.06296661e+02 -3.24091606e+01  5.67409706e+00  2.43711376e+01
 -2.78171768e+01  4.25120735e+01 -2.95581398e+01  2.00000553e+01
 -1.23629265e+01 -6.42034784e-03  1.17278175e+01 -1.12276173e+01
  8.99669647e+00 -2.03385377e+00  3.61903906e+00  2.96946073e+00
 -7.55513072e-01  7.70238113e+00  8.37562010e-02  5.15854025e+00
 -1.99661481e+00  3.80327988e+00 -3.50796318e+00  2.56327009e+00
 -2.56295872e+00  1.32408392e+00 -7.22816825e-01  1.97367504e-01
  1.51588190e+00  2.62405038e-01  2.58253884e+00 -1.60380960e+00
  1.73752815e-01 -3.07934523e+00 -4.43348229e-01 -2.49604392e+00
  1.70751244e-01 -2.47557616e+00 -8.42005014e-01 -1.19581342e+00]",New Holland
"[-5.06296661e+02 -3.24091606e+01  5.67409706e+00  2.43711376e+01
 -2.78171768e+01  4.25120735e+01 -2.95581398e+01  2.00000553e+01
 -1.23629265e+01 -6.42034784e-03  1.17278175e+01 -1.12276173e+01
  8.99669647e+00 -2.03385377e+00  3.61903906e+00  2.96946073e+00
 -7.55513072e-01  7.70238113e+00  8.37562010e-02  5.15854025e+00
 -1.99661481e+00  3.80327988e+00 -3.50796318e+00  2.56327009e+00
 -2.56295872e+00  1.32408392e+00 -7.22816825e-01  1.97367504e-01
  1.51588190e+00  2.62405038e-01  2.58253884e+00 -1.60380960e+00
  1.73752815e-01 -3.07934523e+00 -4.43348229e-01 -2.49604392e+00
  1.70751244e-01 -2.47557616e+00 -8.42005014e-01 -1.19581342e+00]",New Holland
"[-4.3942670e+02 -7.3694237e+01  3.0587231e+01  3.8739426e+01
 -3.8213902e+01  5.9381123e+01 -3.4913658e+01  2.9759705e+01
 -1.6522066e+01  4.7752457e+00 -1.4366261e+00 -5.0864515e+00
  6.4923630e+00 -5.2985847e-01  8.1124249e+00  2.0272636e+00
  4.2533107e+00  6.4828649e+00  3.1855471e+00  9.1625452e+00
 -1.5951242e+00  1.0396059e+01 -2.3431776e+00  6.5662751e+00
 -4.2178315e-01  1.7057997e+00 -1.7676107e+00  1.5312182e+00
 -9.9794453e-01 -1.8891020e+00  1.2886392e+00 -1.7985355e+00
  2.6263385e+00  2.0124967e+00  3.2711303e+00  1.2418648e+00
  2.3682477e+00 -1.0075514e+00 -3.6324260e-01 -1.0761576e+00]",New Holland
"[-4.3942670e+02 -7.3694237e+01  3.0587231e+01  3.8739426e+01
 -3.8213902e+01  5.9381123e+01 -3.4913658e+01  2.9759705e+01
 -1.6522066e+01  4.7752457e+00 -1.4366261e+00 -5.0864515e+00
  6.4923630e+00 -5.2985847e-01  8.1124249e+00  2.0272636e+00
  4.2533107e+00  6.4828649e+00  3.1855471e+00  9.1625452e+00
 -1.5951242e+00  1.0396059e+01 -2.3431776e+00  6.5662751e+00
 -4.2178315e-01  1.7057997e+00 -1.7676107e+00  1.5312182e+00
 -9.9794453e-01 -1.8891020e+00  1.2886392e+00 -1.7985355e+00
  2.6263385e+00  2.0124967e+00  3.2711303e+00  1.2418648e+00
  2.3682477e+00 -1.0075514e+00 -3.6324260e-01 -1.0761576e+00]",New Holland
"[-4.7253397e+02  4.3075203e+01 -6.7894568e+00  2.1450113e+01
 -1.2705062e+01  1.9729376e+01  1.2826557e+01 -3.2530391e+00
  3.8967547e+00  5.5121517e+00 -1.1361712e+00  6.6832862e+00
 -4.2220721e+00 -1.9683139e+00  5.5125171e-01 -3.9191015e+00
 -5.3175912e+00  2.2544506e+00 -2.8995926e+00  2.2810401e-01
  4.0764165e+00  2.3026440e+00  1.6691792e+00  1.6475835e+00
 -1.2810892e-02  4.2973384e-02 -9.0248328e-01 -1.9549757e+00
 -1.7785584e+00 -1.7982584e-01 -1.8466462e+00 -2.7781527e+00
 -2.9747027e-01 -1.1273216e+00  2.5103739e-01  6.3742054e-01
  1.1446421e+00  2.9844403e-01  1.2815377e+00 -9.2070895e-01]",New Holland
"[-3.5992935e+02  1.2354678e+01 -7.4880753e+01  2.4984184e+01
 -7.0570374e+01 -2.0947077e+01 -1.3115354e+01 -1.2509544e+01
 -2.3142490e+01 -1.8086441e+00 -1.0937186e+01  2.4026506e+00
 -8.9523411e+00  1.5003945e+01 -3.7797065e+00  1.0368776e+01
  1.1501136e+01  7.0998573e+00  1.2695642e+01  1.1078588e+01
  7.7191024e+00  1.3455508e+01  4.6773653e+00  1.2635032e+01
  5.3267069e+00  6.2495198e+00  2.2367790e+00  2.9444561e+00
 -2.7249235e-01  1.5754534e+00 -5.8777839e-01 -1.5680362e+00
 -2.9528722e-01 -1.3701732e+00  4.4835514e-01  2.2735861e-01
  4.6826455e-01  1.5372982e+00  2.1301920e+00  1.8528849e+00]",New Holland
"[-5.3796710e+02 -9.6956711e+01 -4.9475075e+01  4.2351570e+01
  7.4642515e+00 -5.6079273e+00 -2.2738300e+01  2.4758308e+01
 -2.0356531e+00 -1.1102979e+00 -2.0557287e+01  2.9171736e+01
 -9.3627319e+00 -7.3544612e+00  2.0439234e+00  9.6011839e+00
 -9.3346777e+00  4.0826011e+00 -1.4026185e+00  2.3256304e+00
 -4.8367953e+00  4.3218012e+00 -4.3263513e-01 -4.1181466e-01
 -2.5896451e+00  3.9440482e+00  7.1550049e-02 -1.7380605e+00
 -2.1588159e+00  3.1047497e+00  2.8550549e+00 -5.7001905e+00
  5.3022325e-01  5.9787207e+00 -2.4426391e+00 -4.2009273e+00
  1.7736689e+00  3.8801754e+00 -1.0587696e+00 -4.2396488e+00]",New Holland
"[-5.7515930e+02  3.8399807e+01  3.3308998e+01  2.9102974e+01
 -1.0370859e+00  3.5893322e+01 -6.6285505e+00  2.6416567e+01
 -3.1480765e+00  2.1298935e+01 -7.9744945e+00  1.5625525e+01
 -2.5231702e+00  8.2642269e+00 -3.4560678e+00  4.7827029e+00
 -2.8164124e+00  2.6461916e+00 -4.8716893e+00  1.6404066e+00
 -6.0919957e+00 -1.7541631e-01 -6.2367463e+00  6.5910959e-01
 -6.8557477e+00 -5.9661901e-01 -5.3103371e+00 -9.0082973e-01
 -3.8033440e+00 -2.4376905e+00 -2.6218517e+00 -1.8042346e+00
 -2.4626801e+00 -2.6475978e+00 -1.9233313e+00 -2.2613602e+00
 -2.4221127e+00 -2.0813854e+00 -1.9124341e+00 -2.2094116e+00]",New Holland
"[-4.6662903e+02  1.1272516e+01 -5.0948292e+01  3.6851868e+01
 -1.8577761e+01 -3.7772708e+00  6.1680527e+00 -1.1710187e+01
 -1.1745641e+01  1.0317882e+01 -1.7544003e+01 -6.9926839e+00
 -1.8614161e+00 -5.2321949e+00 -2.7554688e+00 -4.0609808e+00
 -7.1622138e+00 -2.9117398e+00 -8.1657963e+00 -5.2847319e+00
 -3.1929164e+00 -6.1376290e+00 -4.7513628e+00 -3.4403696e+00
 -5.1286631e+00 -3.5540340e+00 -4.7364492e+00 -4.0973563e+00
 -2.2376802e+00 -3.9782424e+00 -2.9786623e+00  1.4552706e+00
 -2.7776563e+00 -1.1083665e+00  1.8466661e+00 -1.7093765e+00
  4.0202256e-02  9.5492673e-01 -1.3783168e+00 -1.1438686e+00]",New Holland
"[-325.27936      76.218346    -62.50441      16.637932    -35.00716
    0.77154565  -15.849625     -9.175283    -19.626732      2.5354614
  -20.745764     -6.180714    -22.220514     -5.381573    -20.91823
   -7.8742247   -15.835253     -7.147915    -19.85637      -6.5646987
  -15.604126     -6.6039114   -13.337678     -7.087822    -11.340376
   -7.4238715    -9.733706     -5.530031     -8.641727     -5.3035264
   -6.3541927    -4.6808577    -4.479664     -2.7506976    -4.6018734
   -2.5767617    -1.0451959    -1.1112518    -1.3014134    -1.2481745 ]",New Holland
"[-3.4302567e+02  8.6305763e+01 -5.6839588e+01 -1.2457307e+01
 -3.5054085e+01 -1.0939246e+01 -1.9462000e+01  9.0453438e-02
 -2.2717978e+01 -2.8906724e+00 -1.8519495e+01 -1.0369811e+01
 -1.5281505e+01 -4.2194581e+00 -1.9122557e+01 -5.4491405e+00
 -1.4303235e+01 -7.5189929e+00 -1.4433869e+01 -6.0735240e+00
 -1.2076133e+01 -7.4337549e+00 -1.0965298e+01 -6.5463548e+00
 -9.2991829e+00 -5.2931499e+00 -7.1762376e+00 -6.9238763e+00
 -4.8262339e+00 -4.0691490e+00 -4.4325128e+00 -2.2848735e+00
 -1.9955549e+00 -2.9166408e+00 -6.2470448e-01 -9.7878826e-01
  3.7839925e-01 -9.8887697e-02  1.2457651e-01 -1.3064173e+00]",New Holland
"[-3.54474518e+02  8.82404633e+01 -8.38090591e+01  1.68324673e+00
 -2.93214092e+01 -1.75376987e+01 -2.54171810e+01 -8.58779144e+00
 -2.10466385e+01 -1.60674191e+01 -6.86182213e+00 -1.65936890e+01
 -9.68954659e+00 -1.25576057e+01 -1.40237932e+01 -1.00696259e+01
 -1.25974865e+01 -9.29369736e+00 -1.11509752e+01 -6.50196266e+00
 -7.82000542e+00 -7.38379765e+00 -3.23127294e+00 -3.84660649e+00
 -3.42757320e+00 -1.47460830e+00 -3.54491502e-01 -1.23446262e+00
  2.97931850e-01  1.64896750e+00  4.59365278e-01  1.84534669e+00
  2.43973351e+00  1.78504050e+00  2.57645106e+00  3.04807472e+00
  3.26785994e+00  1.95660162e+00  3.86198521e+00  3.26873493e+00]",New Holland
"[-3.34351624e+02  8.85853729e+01 -8.35873947e+01  3.06612492e+01
 -2.25336399e+01 -1.45572338e+01 -1.09536114e+01 -1.52995721e-01
 -2.76441631e+01 -9.26613235e+00 -1.41489677e+01 -1.74608116e+01
 -1.84654846e+01 -1.82292690e+01 -1.75885639e+01 -1.81077385e+01
 -1.79344845e+01 -1.53183613e+01 -1.70712891e+01 -1.23468981e+01
 -1.34404335e+01 -1.19125137e+01 -9.09668159e+00 -9.57518196e+00
 -8.17935753e+00 -5.14260006e+00 -4.37343073e+00 -5.70987940e+00
 -1.99871504e+00 -2.41938972e+00 -2.24021053e+00 -2.58686151e-02
  1.42909035e-01 -1.38220441e+00  1.89259601e+00  5.05362689e-01
  1.17371595e+00  1.72800779e+00  2.67295289e+00  1.50458956e+00]",New Holland
"[-2.8879813e+02  8.7991844e+01 -9.8852158e+01  2.8275597e+01
 -1.0345529e+01 -2.7596762e+01  1.7358934e+00 -1.8567182e+00
 -3.1555435e+01 -7.9213624e+00 -6.7251787e+00 -2.0689857e+01
 -9.5715113e+00 -1.2068168e+01 -1.7018736e+01 -9.7296915e+00
 -1.0521234e+01 -1.3956709e+01 -1.0975501e+01 -4.2379894e+00
 -1.3524795e+01 -5.7250509e+00 -7.5934272e+00 -6.8286119e+00
 -5.2439389e+00 -4.3974800e+00 -4.6844730e+00 -3.7980452e+00
 -2.8250563e+00 -2.2910826e+00 -3.1784499e+00 -1.1890736e+00
 -1.5318456e+00 -2.3427651e+00 -8.0313170e-01 -1.2870359e-01
 -1.6016814e+00 -1.1435733e+00  8.5420489e-01 -1.0296332e+00]",New Holland
"[-3.26070129e+02  4.46825294e+01 -5.78460007e+01 -4.64116526e+00
 -3.23052711e+01  8.06994915e+00 -2.22424984e+01  1.16090765e+01
 -1.45928478e+01  1.10337753e+01 -1.03058329e+01  7.93138790e+00
 -9.41762924e+00  9.60503864e+00 -7.05721378e+00  7.86623383e+00
 -6.20425224e+00  9.44114304e+00 -5.03589582e+00  5.78747272e+00
 -3.71853304e+00  6.96364546e+00 -3.36150289e+00  4.20348454e+00
 -2.01737165e+00  4.25648737e+00 -1.65422297e+00  3.21275878e+00
 -9.18126822e-01  2.93766999e+00 -3.63442272e-01  2.01619029e+00
 -1.15116227e+00  1.54119766e+00 -2.58824497e-01  1.52774775e+00
 -1.71793416e-01  1.08234131e+00  4.70149219e-01  2.98279315e-01]",New Holland
"[-3.3633401e+02  1.1777381e+01 -8.2298393e+01 -2.6016624e+01
 -6.1914295e+01 -1.9635107e+01 -4.6595829e+01 -1.0089137e+01
 -2.8141943e+01 -3.6851833e+00 -2.1131512e+01 -3.0457673e+00
 -1.7298080e+01  9.8675795e+00 -4.7341409e+00  1.1133599e+01
 -4.6361504e+00  6.9091592e+00 -1.0371997e+00  9.9803610e+00
 -8.1627053e-01  1.1091073e+01  3.7963371e+00  8.6383982e+00
 -3.0761492e+00  3.6880624e+00  2.2632785e-02  5.2404938e+00
  2.4744222e+00  5.9000468e+00  7.4628270e-01 -3.4973237e-01
 -3.0111289e+00  5.7429451e-01 -2.5321105e+00 -1.0425479e+00
 -2.5123761e+00 -7.2850537e-01  4.9803045e-01 -1.5344205e-01]",New Holland
"[-3.8224295e+02  7.0203772e+00 -7.5836220e+00  9.7116232e+00
 -7.8018494e+01  3.8182529e+01 -6.4765694e+01 -5.1786165e+00
 -1.8759012e+01 -2.1595583e+01 -1.9534689e+01 -2.4541113e+00
 -2.1890240e+01 -4.4426432e+00 -3.4084270e+00 -6.8312349e+00
 -5.2758856e+00  1.0023987e+01 -1.0107810e+01  1.5950789e+01
 -3.8446889e+00  1.2881393e+01 -4.0999013e-01  1.5447368e+01
 -1.7855998e+00  1.4011902e+01  3.1001151e+00  6.5828333e+00
  4.6213593e+00  4.1381044e+00  1.6872451e+00  3.8987319e+00
  1.2375624e+00  3.3978742e-01  1.2685959e+00 -1.3963994e+00
 -1.6474432e+00  2.4648699e-01 -2.8828259e+00 -1.8426018e+00]",New Holland
"[-365.58267      12.957054      3.6701028    49.52697     -26.055384
   35.247105    -15.193673     14.95745      -6.6283746     3.3960423
    0.72975177    1.9951199    -9.150643     11.002078    -10.451291
    7.8406434    -9.431787      7.3118434    -9.187136      5.7765627
   -5.5870614     2.479276     -4.0286446     2.8626397    -4.1348667
    2.1630251    -3.7588923     3.1175756    -4.3503833     0.69603264
   -1.8017873     1.795251     -2.3084247    -0.92047226   -1.4494557
    1.4503318    -1.1868411    -0.8531382    -0.67671907    0.9850052 ]",New Holland
"[-4.0942224e+02  1.7503912e+01 -2.1187635e+01  1.8798241e+01
 -1.0196730e+01  1.0362279e+01 -1.2349032e+01  7.8592091e+00
 -2.1899782e+01 -7.9666247e+00 -1.4973601e+01 -2.6229403e+00
 -1.2387333e+01  2.2099695e+00 -6.3285208e+00 -2.4802804e+00
 -6.5970173e+00  4.4446373e-01 -7.8622446e+00 -1.3062862e-01
 -3.5991902e+00 -1.5340149e+00 -8.8480453e+00 -1.8619523e+00
 -5.9195695e+00 -2.8936796e+00 -2.4575994e+00 -2.1998935e+00
 -3.2653482e+00 -1.5493753e+00  7.8821838e-02 -2.4775236e+00
 -8.3867902e-01 -5.1569659e-01 -6.5988320e-01 -2.1322815e+00
 -2.2983836e-01 -1.5871748e+00 -1.2817242e+00 -1.8613530e+00]",New Holland
"[-4.73176361e+02  1.48487644e+01 -2.22278671e+01  2.47928238e+01
 -8.09764481e+00  5.57631302e+00 -1.31259766e+01 -4.91678619e+00
 -1.72511158e+01 -1.36698885e+01 -1.53765421e+01 -2.56272316e+00
 -1.03489866e+01  1.10678017e+00  7.85636067e-01 -2.23995161e+00
 -2.85693955e+00 -1.34015679e+00 -2.97682714e+00 -1.97515655e+00
 -3.31619334e+00 -1.68022946e-01 -2.62307930e+00 -2.57205963e+00
 -2.09315467e+00 -2.24669170e+00 -8.16537261e-01 -1.82986939e+00
 -1.79234064e+00 -1.08110857e+00 -6.16056800e-01 -2.23292994e+00
  9.08350497e-02 -1.23166549e+00 -4.73056845e-02 -9.39675331e-01
 -6.77614272e-01 -3.76533926e-01 -5.33137202e-01 -9.52243209e-01]",New Holland
"[-3.5693713e+02  4.7279110e+01 -4.0192074e+01  7.8090281e+00
 -1.9302876e+01  7.9151134e+00 -9.5338202e+00  1.8951473e+00
 -1.7720634e+01 -6.9596467e+00 -2.3921848e+01  5.7132559e+00
 -5.6928515e+00  4.1292200e+00 -1.8074791e+00  4.6785531e+00
 -8.5699434e+00  2.0609088e+00 -5.4033966e+00  3.8875225e-01
 -5.2290764e+00  2.9103587e+00 -3.5734136e+00 -1.2011850e+00
 -1.9640341e+00 -3.3277217e-01 -1.4880391e+00  8.8592812e-02
 -1.2875062e+00  3.1178194e-01  2.6693882e-02 -9.3860698e-01
 -8.1954308e-02 -1.0606277e+00  5.5375010e-02 -1.0657483e+00
  5.4733448e-02 -1.2995020e+00  1.3312515e-02 -1.5781299e+00]",New Holland
"[-5.0095438e+02  3.0516256e+01 -5.3003902e+01 -2.8719871e+00
 -3.5539368e+01 -4.5076742e+00 -2.0078585e+01  5.3853502e+00
 -1.8876167e+01  2.0061772e+00 -9.9339781e+00 -1.5257396e-01
 -9.8267183e+00  1.3643196e+00 -1.0685529e+01  2.0443227e+00
 -8.0829258e+00 -5.7384807e-01 -7.4981914e+00  6.7566866e-01
 -5.2910309e+00 -2.5380898e+00 -4.3154716e+00 -1.2788464e+00
 -4.2041903e+00 -8.7915134e-01 -1.8334556e+00 -1.5105407e+00
 -1.1659789e+00 -8.9053690e-01 -1.3216927e+00 -1.3581966e+00
 -6.0082436e-01 -1.7945133e+00 -1.0321169e+00 -5.8533680e-01
 -4.7244179e-01 -1.6955978e+00 -3.4394076e-01 -2.6463354e+00]",New Holland
"[-3.0062283e+02  1.0942351e+02 -7.9300117e+01 -1.3498747e+00
 -2.6552759e+01 -1.0607709e+01 -3.0791304e+01 -2.0933159e+01
 -1.6542063e+01 -1.4543377e+01 -2.7444197e+01 -3.7695057e+00
 -1.8319616e+01 -5.6567802e+00 -7.1045656e+00 -8.0419130e+00
 -1.1090686e+01 -4.8182859e+00 -1.0007282e+01 -3.7310450e+00
 -6.0243101e+00 -4.5889802e+00 -4.7195868e+00 -3.2208455e+00
 -3.8412659e+00 -3.9833863e+00 -3.3291628e+00 -5.2802525e+00
 -3.2125435e+00 -4.9101839e+00 -4.0077796e+00 -3.1730638e+00
 -1.5394365e+00 -3.1306286e+00  5.6261820e-01 -3.0803003e+00
 -1.1840658e-02 -2.2575686e+00 -6.7055202e-01 -1.0704422e+00]",New Holland
"[-3.8068176e+02  7.1299706e+01 -4.3854374e+01  3.1122513e+01
 -8.9994020e+00  1.9049646e+01  1.0924158e-01  6.3006759e+00
 -1.0441800e+01  1.2113540e+00 -1.4735875e+01  1.2700340e+00
 -1.0224144e+01 -1.3881685e+00 -1.4628727e+01 -3.7305305e+00
 -7.1860619e+00  2.0061862e-01 -4.7388210e+00 -6.2889805e+00
 -7.6595492e+00 -4.1880164e+00 -1.7782806e+00 -2.6641829e+00
 -5.0334015e+00 -4.8929076e+00 -2.2885492e+00 -1.3435925e+00
 -3.1401408e+00 -3.7302954e+00 -2.5546372e+00 -3.9201553e+00
 -9.6950251e-01 -1.9146127e+00 -1.9300008e+00 -3.6669633e+00
 -1.8261033e+00 -4.0587659e+00 -3.4516817e-01 -6.5810072e-01]",New Holland
"[-365.17792      -5.021933    -68.62271     -13.283482    -61.840122
   14.441561    -47.804916     -0.9505341   -23.696749    -11.782222
  -22.797987     -2.9491363   -11.68495      -0.61446637  -12.300875
   -2.209718     -1.6420846     5.088563     -2.0104885     5.4140096
    0.8766848     4.193314      1.4968115     5.777645      1.5461155
    4.412522      2.791498      3.9876044     3.6189196     3.6932003
    3.837776      1.5298413     1.9641113     0.9923425     1.7432195
   -1.4347521    -1.6456711    -1.0061581     0.57103866    1.0629672 ]",New Holland
"[-3.11877106e+02  4.61877098e+01 -5.26881256e+01  5.38131294e+01
 -1.44755726e+01  9.49271870e+00 -6.01836777e+00 -4.92442036e+00
 -1.98025074e+01  1.86145592e+01 -2.99400101e+01  6.85191250e+00
 -1.27450895e+01 -4.13997269e+00 -1.02283611e+01 -1.43106449e+00
 -1.19822598e+01  1.33970249e+00 -1.00608015e+01 -1.22623408e+00
 -8.96275616e+00 -2.61899900e+00 -5.01295280e+00 -4.85120201e+00
 -9.21507740e+00 -8.49215686e-01 -7.45177031e+00 -4.13237858e+00
 -6.54059410e+00 -3.62303138e+00 -3.18443131e+00 -4.73563099e+00
 -4.51045275e+00 -3.42027068e+00 -3.54776454e+00 -3.95047903e+00
 -2.91313457e+00 -3.85432887e+00 -1.07960016e-01 -3.90057969e+00]",New Holland
"[-4.7189331e+02  2.6624269e+01 -3.4774231e+01  2.1479946e+01
 -4.1642071e+01  7.4005623e+00  9.3745270e+00  5.3474611e-01
 -1.9310505e+00  1.2681974e+01 -4.4984055e+00 -2.2490072e+00
  5.6187654e+00  5.3038244e+00 -8.8436165e+00  1.1063748e+01
 -1.0233501e+01  3.5883608e+00  1.1279639e+00 -4.7438970e+00
  2.3769960e+00 -4.6315417e+00 -1.1801612e+00 -4.9542332e+00
 -4.6556787e+00  5.2708092e+00  1.2993282e-01  6.5271897e+00
  3.6996820e+00 -2.6248143e+00  8.9995813e-01 -6.2871695e+00
  2.6766214e-01 -2.3807743e+00  5.1398265e-01  5.1034284e-01
 -1.5842063e+00  3.7757659e-01 -2.5224322e-01 -6.5232968e-01]",New Holland
"[-5.4425946e+02  8.5670441e+01 -6.5194368e+00  7.2370415e+00
 -1.7611567e+01  2.3716614e+01 -8.4850817e+00  2.0438046e+01
 -6.8488779e+00  1.5930519e+01 -4.6648291e-01  1.4181059e+01
 -5.8441000e+00  9.7774992e+00 -6.8143363e+00  9.4962616e+00
 -7.4973521e+00  5.9066038e+00 -6.8960710e+00  6.0585041e+00
 -6.7629409e+00  2.9669130e+00 -5.6868901e+00  1.2069440e+00
 -4.3420324e+00  3.2086558e+00 -2.4954317e+00  2.5771151e+00
 -2.9977236e+00  9.9020785e-01 -2.7015285e+00  5.7864881e-01
 -1.5280454e+00  2.1976614e-01 -2.6371396e+00 -3.4607917e-01
 -1.8536112e+00 -1.1397449e+00 -1.8036723e+00 -2.2809854e-01]",New Holland
"[-5.97121460e+02  3.19916782e+01 -1.46670332e+01  1.77050858e+01
 -1.87195320e+01  1.53899031e+01 -1.19048214e+01  1.48394556e+01
 -1.51995335e+01  9.08019066e+00 -7.96524286e+00  1.06181755e+01
 -9.24917316e+00  1.23775826e+01 -1.07978678e+01  8.58958912e+00
 -7.46495628e+00  8.33619881e+00 -7.79039192e+00  8.17078590e+00
 -5.81561947e+00  5.73130083e+00 -4.51799870e+00  6.89439011e+00
 -3.91443682e+00  5.15027714e+00 -3.41392708e+00  4.23856020e+00
 -2.66952658e+00  4.10910416e+00 -2.68607378e+00  2.54806161e+00
 -2.32230377e+00  1.72824609e+00 -2.05591631e+00  1.48336065e+00
 -2.55484700e+00  1.88879001e+00 -1.83811140e+00  5.58059156e-01]",New Holland
"[-3.2637094e+02  1.5061310e+02 -1.0100176e+01  2.4644594e+01
  4.3165383e+00  1.9865715e+01  8.8483560e-01  1.0302611e+01
 -6.0477190e+00  9.2119751e+00 -3.5310302e+00  6.2136183e+00
  1.2635083e+00  8.1365852e+00 -4.4504161e+00  6.4059191e+00
 -2.8695548e+00  2.2296512e+00 -2.8734586e+00  1.4296578e+00
 -2.3839681e+00  7.3809838e-01 -1.6558018e+00  8.3468240e-01
 -2.0021591e+00  2.4604818e-01 -6.2385839e-01 -7.8511208e-01
  1.1702755e-01  5.4192144e-01 -7.1452394e-02  1.3683636e-01
  4.2294878e-01 -7.7198768e-01 -3.7413022e-01 -1.2438242e+00
 -1.5601169e-01 -1.3839986e+00 -8.2939726e-01 -8.5780686e-01]",New Holland
"[-290.06827     151.1422      -33.885498     42.803303     -6.8813157
    9.553934      4.066682     -3.0799954    -0.5766082    14.300553
  -20.005785     18.946383     -7.5187917     6.3110237     3.3358388
   10.493883     -1.776347     10.243679     -3.0410743     6.762112
   -3.7614233     6.7150226    -3.5389419     2.8185868     0.70216024
    1.2722591    -1.9116018     2.878787     -4.2619767     1.5346818
   -1.68025      -1.652353     -0.90459      -1.0648388    -1.3161622
   -0.86105573   -1.686043     -0.5995948    -2.134776     -0.96521735]",New Holland
"[-3.7164139e+02  1.6853069e+02  1.5413265e+01  3.3984543e+01
 -4.2820950e+00  2.5225405e+01 -6.7321596e+00  6.7547216e+00
 -2.1753349e+00  3.9738321e+00 -8.7489052e+00  7.9609518e+00
 -5.9618831e+00  5.8289952e+00  1.1286166e+00  6.6690831e+00
  4.7018218e+00  7.1564469e+00  1.9181125e+00  8.1015930e+00
 -8.1235641e-01  4.3351569e+00  5.7970786e-01  3.2602456e+00
  1.4744312e-01  1.2182598e+00  2.5959837e+00 -4.8541418e-01
  2.1688941e+00  2.2824149e-01  7.6978970e-01 -2.1632558e-01
 -1.1732254e+00  2.7826437e-01 -7.0433629e-01 -7.4136627e-01
 -1.0124681e+00 -8.4364820e-01  1.0205436e+00 -1.6056629e+00]",New Holland
"[-6.6829474e+02  5.5205879e+01 -5.8113713e+00  6.9019995e+00
 -2.2348867e+01  1.1236525e+01 -7.9438987e+00  1.8432734e+01
 -1.2938465e+01  1.0955039e+01 -1.0912750e+01  8.7159796e+00
 -1.3783702e+01  8.0361271e+00 -1.3273039e+01  5.1216063e+00
 -1.1130384e+01  6.7765660e+00 -9.7514105e+00  5.9055743e+00
 -7.7090878e+00  5.0886183e+00 -5.2728887e+00  6.3168149e+00
 -4.1355371e+00  5.1905360e+00 -3.9594698e+00  3.4131610e+00
 -4.2815361e+00  2.5528729e+00 -3.9986076e+00  1.8537703e+00
 -3.8901603e+00  6.8979537e-01 -3.7054744e+00  7.3701012e-01
 -3.2405086e+00  4.0276700e-01 -3.1321948e+00  6.2127322e-01]",New Holland
"[-3.6774237e+02  1.4163539e+02 -1.3258063e+01  4.1418934e+01
 -2.2713070e+01  2.3432524e+01  1.5250499e+01  1.0465791e+01
 -2.2925906e+00  2.4115055e+01 -1.0910676e+01  1.3296408e+01
 -1.0961982e+01  5.9305806e+00 -6.8915734e+00 -4.0214424e+00
  5.3914018e+00 -9.9809933e+00  1.1214939e+00 -1.6150814e+00
 -8.8310661e+00  2.2411699e+00 -7.5608869e+00 -4.4282207e+00
 -1.9909724e+00 -4.1305299e+00 -6.5759134e+00 -6.3538796e-01
 -7.3390512e+00 -4.2034379e-01 -4.9207687e+00 -1.9771028e+00
 -2.8663833e+00 -1.9528117e+00 -2.3501382e+00 -2.7255738e+00
 -7.2173119e-01 -4.3834867e+00 -1.9302985e-03 -3.6972990e+00]",New Holland
"[-3.7532559e+02  1.5043811e+02 -6.5621343e+00  1.5975867e+01
 -2.1228271e+01  3.4225391e+01 -2.6706269e+00  1.0333255e+01
  1.4290091e+00  1.8948212e+01 -1.5418642e+01  9.7458496e+00
 -2.1848747e+01  9.8707705e+00 -6.2393551e+00 -7.2774714e-01
  4.5337801e+00  2.7983969e-01  3.1156294e+00 -8.6937517e-01
 -6.4847407e+00  4.6902966e+00 -8.0148630e+00 -1.9301530e+00
 -3.5949152e+00 -4.0076084e+00 -5.8017673e+00  5.7640713e-01
 -9.1752806e+00  1.2576897e+00 -4.5325403e+00 -3.7440717e+00
 -3.7343214e+00 -1.9984818e+00 -4.5759888e+00 -2.8448608e+00
 -3.6646647e+00 -2.9048276e+00 -2.3212087e+00 -4.0859790e+00]",New Holland
"[-423.8402      -7.5312996   34.303833   -14.26485    -79.30096
   50.874676   -44.378483    11.874324   -30.992361    20.436308
   -5.4004383   -8.571709     6.674091    -1.3269643    4.2606187
   -6.4191413  -10.872345     1.94842     -6.716773     4.075671
  -12.800354     1.4996877   -6.138982     1.4586864   -4.8038754
   -6.7217555   -9.371311    -3.7584863   -3.3010018   -2.803078
   -4.2510533   -3.6112792   -4.389806    -1.8195487   -1.5265995
   -3.252345    -4.991489    -4.2404456   -1.2800564   -0.98395  ]",New Holland
"[-2.7403012e+02  3.3252075e+01 -3.2384342e+01  4.7077759e+01
 -1.7529793e+01  1.7642485e+01 -2.6979149e+01  1.4455310e+01
 -2.8420774e+01  4.1289549e+00 -8.2929955e+00  2.4444029e+00
 -1.1956652e+01  6.4241743e+00  1.7321686e-01  1.0276881e+01
 -7.8133812e+00  4.2982974e+00 -5.3731093e+00  8.0741501e+00
 -4.3478918e+00  4.1691661e+00 -1.8001845e+00  1.1377121e+00
 -2.6258676e+00  3.0961962e+00 -4.1470485e+00  3.0555364e-01
 -3.4709773e+00 -8.2005692e-01 -3.0022671e+00 -2.6168563e+00
 -1.2190994e+00 -2.2628767e+00 -2.3271210e+00 -1.4075706e+00
 -1.0152420e+00 -2.2828815e+00 -2.5466332e+00  2.5963816e-01]",New Holland
"[-4.3157648e+02  2.0143675e+01 -4.6555775e+01  3.0540264e+01
 -1.3222806e+01  1.3803273e+01 -1.9880730e+01 -1.0262929e+01
 -1.5433617e+01 -7.2127738e+00 -2.0944773e+01 -4.2273064e+00
 -1.3537222e+01  5.8683147e+00 -8.2869158e+00  5.0519437e-01
 -6.8643889e+00 -1.9298964e+00 -9.3592548e+00  1.1541700e+00
 -5.8188591e+00 -8.1900573e-01 -6.0860782e+00 -1.0296189e+00
 -4.6620688e+00 -1.8780781e+00 -2.8510239e+00 -2.1461864e+00
 -2.7010498e+00 -2.7182572e+00 -1.5263497e+00 -3.0027165e+00
 -3.1140053e+00 -3.0035362e+00 -2.2241294e+00 -2.9498863e+00
 -1.1974208e+00 -1.6671143e+00  4.0181926e-01 -1.6821301e+00]",New Holland
"[-4.2301999e+02  5.6798763e+01  7.5787134e+00  5.5154751e+01
  9.4473772e+00  2.2278484e+01  2.1900927e+01  2.0515909e+01
  3.4647651e+00  2.8536476e+01  5.3844290e+00  1.6599649e+01
  7.3416395e+00  1.5221929e+01  5.6290007e+00  1.2021796e+01
  4.7845926e+00  1.2142950e+01  1.8761423e+00  9.9313402e+00
  4.6986871e+00  5.0700922e+00  4.5678954e+00  7.3914485e+00
  1.4802476e+00  5.1073494e+00  3.6081250e+00  2.5132356e+00
  2.1917772e+00  2.4283257e+00  2.3526809e+00  5.3506738e-01
  3.5108287e+00  7.5079596e-01  1.2295851e+00  2.4576585e+00
  1.0312517e+00 -1.3532552e+00  3.5645297e+00 -3.7630725e-01]",Brown Headed
"[-353.645       32.674297    -7.105262    75.12172    -22.649406
   23.52829     26.19999     15.684838    -8.390319    31.33184
   -1.8681407   14.388624     8.80454     14.70108      5.493578
   10.999411     7.1633515   13.188464     1.430334     8.348385
    2.9771457    3.9396074    4.5332656    5.274068     1.4915657
    5.1163354    4.491889     4.2127247    7.2024403    7.4213843
    3.1975174    6.3714495    5.198614     2.885438     4.859077
    1.7778757    2.5182784    0.8539094    2.4362354    0.5533584]",Brown Headed
"[-3.9909869e+02  6.0867546e+01 -2.1082706e+01  5.5854324e+01
  1.1857097e+01  1.7624586e+01  1.9505077e+01  1.9131010e+01
 -7.4873358e-02  3.1493982e+01  5.3433580e+00  1.3482599e+01
  6.6663375e+00  1.8579971e+01  3.9663806e+00  1.3195833e+01
  4.2755733e+00  1.4401537e+01  4.4827914e+00  1.1203712e+01
  5.2480507e+00  7.4262028e+00  3.5648520e+00  9.8013258e+00
  1.5428804e+00  4.8015804e+00  7.3735542e+00  3.5028920e+00
  1.1519070e+00  7.0951304e+00  3.2195809e+00  9.0698051e-01
  4.6306324e+00  1.7891953e+00  2.2688656e+00  2.6745493e+00
  1.7503543e+00  5.8169794e-01  2.1815150e+00  4.6798122e-01]",Brown Headed
"[-4.3215714e+02  5.9807564e+01 -3.2150822e+01  2.7893082e+01
 -2.8517765e+01  3.7251038e+01 -2.9660070e+01  1.5699753e+01
 -5.5740318e+00  1.0179117e+01 -1.0149657e+01  1.9168577e+01
 -1.7203308e+01  6.0782490e+00  3.9288372e-01  1.1368230e+01
 -9.3219404e+00  7.4107528e+00 -3.0520298e+00  8.4258366e+00
 -6.8215618e+00  6.6458831e+00 -6.4286590e+00  7.2948256e+00
 -3.5242422e+00  2.2139831e+00 -1.9787612e+00  1.1928567e+00
 -1.6829619e+00  4.5645742e+00 -5.0443382e+00  4.7854233e+00
 -5.1425004e+00  3.7497776e+00 -1.2360437e+00 -1.3463844e+00
 -7.6011872e-01 -9.7115129e-01  5.5164307e-01 -1.9929920e+00]",Brown Headed
"[-3.29727509e+02  1.27891588e+01 -8.80590515e+01  5.72912636e+01
 -9.99976516e-01  1.90150185e+01 -1.00198102e+00  1.00933485e+01
 -1.46502762e+01  1.64267349e+01 -5.85086441e+00  1.10645161e+01
 -1.14881763e+01  2.89008641e+00 -3.03634453e+00  4.42819118e+00
 -7.85782051e+00  4.36615086e+00 -6.76522875e+00  4.27788496e+00
 -2.99036288e+00 -7.70431566e+00 -5.20249748e+00  3.19770908e+00
  3.58151048e-01  4.09985828e+00  8.66043568e+00  7.08075285e+00
 -2.04103842e-01  2.32162309e+00 -3.45059562e+00 -2.75232983e+00
 -5.18968642e-01  1.35297561e+00  2.07218266e+00 -3.59143949e+00
 -2.32714367e+00  4.69101042e-01  3.43630862e+00  2.70610660e-01]",Brown Headed
"[-3.3717084e+02  4.3215374e+01 -5.0535084e+01  3.9731789e+01
 -4.5853123e+01  1.0167177e+01 -1.5774684e+01 -1.8680971e+01
 -2.4804016e+01 -3.1221499e+00 -2.5133121e+01  1.2313361e+01
 -1.2154241e+01  1.2898054e+00 -1.2844957e+01 -2.5721004e+00
 -1.5568181e+01  7.2071975e-01 -1.9215925e+01 -6.8182099e-01
 -1.0270207e+01 -3.0948061e-01 -9.1157255e+00 -4.3877902e+00
 -6.1335387e+00 -2.1078613e+00 -9.4252071e+00  1.8722117e+00
 -4.3181472e+00  1.4198115e+00 -9.1374683e-01  2.9358649e+00
  6.2634152e-01 -9.5732075e-01 -5.2565045e+00 -1.1136061e+00
 -3.4371040e+00 -3.2924294e+00 -3.9321866e+00 -1.4380957e+00]",Brown Headed
"[-308.1545      -15.020667    -44.345154     57.604313    -29.134756
   27.612038    -18.90275       7.279375    -11.036968      5.3719263
   -7.0378876     4.451299     -9.832911      6.6750326   -14.282201
    5.787489    -12.142294      2.7058287   -10.320064      1.7267691
  -11.267851      1.1079676    -9.864218     -0.99869573   -5.1903563
    1.890632     -2.1712797     5.191547     -0.707018      5.9346304
    0.8063396     5.8505507     3.1689138     4.6398587    -0.765422
    1.2243533    -3.6896253    -1.7905904    -2.5079906    -2.5655484 ]",Brown Headed
"[-4.3194043e+02  8.2049759e+01 -3.6572357e+01  3.6406296e+01
 -3.4335880e+01 -1.7241737e+00 -4.5821166e+00  1.8466772e+01
 -6.6835637e+00  1.9236008e+01 -1.4831783e+01  1.6621231e+01
 -1.3312300e+01  1.1054443e+01 -1.2104543e+01  9.4877138e+00
 -4.9700890e+00  5.8143773e+00 -5.1069207e+00  9.3210220e+00
 -8.2299671e+00  1.0224325e+01 -4.4617882e+00  8.1941633e+00
 -5.9866828e-01  3.8550837e+00 -8.6152929e-01  3.7570806e+00
 -3.7063971e+00  5.3265605e+00 -4.5946641e+00  3.6500010e+00
 -4.0359755e+00  3.3650048e+00 -2.3379037e+00  7.8643876e-01
 -6.7814052e-01 -1.9752565e-01 -4.3754500e-01  1.1904064e+00]",Brown Headed
"[-4.43135498e+02 -8.87179184e+01 -1.44849380e+02  5.39960899e+01
 -5.53159027e+01  1.56300879e+01 -1.58320055e+01  8.80724525e+00
  7.48062372e+00  1.25443668e+01  6.24013758e+00  4.93243265e+00
 -4.01082277e+00 -2.06029177e+00 -2.47334790e+00  3.05606663e-01
 -6.62840366e+00 -7.82220006e-01  4.60845500e-01 -3.78488660e-01
 -6.06268764e-01  6.48919523e-01  3.33767939e+00  9.59883273e-01
  1.23255539e+00  1.22782521e-01  1.73780429e+00 -3.48422933e+00
  1.06626558e+00 -1.94432640e+00 -1.98752403e+00  7.19091415e-01
  8.66752803e-01 -3.79394889e-01  2.79384089e+00 -1.66248405e+00
 -1.03775132e+00  7.73778677e-01  7.38307774e-01 -7.05917776e-01]",Brown Headed
"[-3.8820044e+02  1.4331979e+01 -4.3291199e+01  5.8674667e+01
 -2.2642128e+01  1.7517307e+01 -8.0888491e+00  6.1556602e+00
 -4.2406993e+00  5.9394836e+00 -4.6558729e-01  6.7209735e+00
 -3.6052618e+00  5.2524738e+00 -3.1776919e+00  3.9273922e+00
 -4.6571736e+00  4.8423700e+00  1.6440183e+00  5.4671464e+00
 -1.9519806e+00  4.1433926e+00 -2.2691529e+00  5.1771241e-01
 -1.3462952e+00 -1.6175231e+00 -7.5315779e-01 -1.7857774e-01
 -1.5080034e+00  8.8988334e-01  3.4851957e-02 -2.5217912e+00
 -1.3726436e+00 -3.2317593e+00 -3.4057801e+00 -2.8702650e+00
 -9.7310621e-01 -2.2179003e+00 -1.6999270e+00 -2.1908360e+00]",Brown Headed
"[-4.1659042e+02  6.7945352e+00 -5.1940792e+01  2.5799660e+01
 -2.9881008e+01 -1.3388581e+00 -3.7565311e+01 -1.0064784e+01
 -2.2122314e+01 -3.6500854e+00 -1.7595514e+01 -9.5314102e+00
 -1.7120110e+01 -6.8068490e+00 -1.9257372e+01 -5.9383678e+00
 -1.6584011e+01 -5.4289379e+00 -1.3436741e+01 -5.7817149e+00
 -1.1622956e+01 -2.6467133e+00 -9.5814772e+00 -2.1523762e+00
 -5.5654950e+00 -9.9998581e-01 -3.2532704e+00 -9.3999821e-01
 -1.2581505e+00  2.0510833e+00  9.8810798e-01  2.3406379e+00
  2.8809714e-01  2.1284213e+00  9.0101242e-01  2.3585684e+00
  2.6551893e+00  3.3879421e+00  2.7192919e+00  2.8937833e+00]",Brown Headed
"[-2.7137122e+02 -4.3335556e+01 -8.8470573e+01  4.8774189e+01
 -6.6465187e+01 -3.7686405e+00 -2.4837086e+01 -4.0432386e+00
 -3.0054337e+01 -1.4828315e+00 -2.2853418e+01  1.3347086e+00
 -2.2673059e+01 -3.2219334e+00 -1.7479506e+01 -1.9181644e+00
 -1.6314520e+01 -2.0127695e+00 -1.5740448e+01 -3.1118720e+00
 -1.4189037e+01 -3.9934258e+00 -1.0151571e+01 -1.4898841e+00
 -7.2642045e+00  1.8438174e+00 -2.0493889e+00  3.7515755e+00
 -2.5015166e+00  2.8034961e+00 -2.9429615e+00  2.6720171e+00
 -1.5344722e+00  9.2482221e-01 -2.5212619e+00  1.3932249e-01
 -6.4573830e-01  1.6972777e+00 -1.7710025e+00  1.0499783e+00]",Brown Headed
"[-3.9095847e+02 -2.1007269e+01 -4.0511436e+01  4.1141403e+01
 -2.9449722e+01  2.0784166e+00 -2.1103224e+01 -1.9697229e+00
 -2.3822714e+01 -4.4509268e+00 -2.0417109e+01 -6.4166365e+00
 -1.7197262e+01  1.3100752e+00 -1.3538053e+01 -1.8268665e+00
 -1.3994966e+01 -9.6223599e-01 -1.2673318e+01 -3.4821906e+00
 -6.9259095e+00 -2.5191786e+00 -8.3564749e+00 -2.3276573e-01
 -7.7389584e+00 -1.9843210e+00 -3.2780328e+00 -9.3502980e-01
 -1.9034512e+00 -1.4110100e+00 -2.5114975e+00 -3.5954021e-02
 -1.1550627e+00  2.3955235e-02 -1.3679895e-01  1.9972695e-01
  1.1928082e+00 -2.0780942e-01  1.0551331e+00  1.0542020e-01]",Brown Headed
"[-3.78767883e+02 -1.44060802e+00 -5.66721802e+01  4.22096519e+01
 -2.07642746e+01  5.56966066e+00 -4.10563612e+00  5.67695475e+00
 -1.38219032e+01  7.11814165e+00 -1.22148485e+01  6.39342642e+00
 -1.07288303e+01  3.02612495e+00 -1.00397291e+01  5.90691948e+00
 -6.24472761e+00  5.28899527e+00 -5.26134205e+00  5.22286367e+00
 -5.12938881e+00  4.58240843e+00 -2.50053191e+00  4.11550713e+00
 -1.42462850e+00  4.24469614e+00 -7.15891421e-01  1.89077449e+00
 -8.98273170e-01  2.45906377e+00 -4.94408846e-01  1.47094905e+00
  2.41488740e-01  1.18416262e+00  2.60196358e-01  3.23561221e-01
 -3.01204324e-01  2.78888226e-01 -4.95342880e-01  3.39042574e-01]",Brown Headed
"[-3.5414258e+02 -2.4378931e+01 -5.9593857e+01  1.6235489e+01
 -4.3317760e+01  8.6433992e+00 -1.6523136e+01  3.5519023e+00
 -9.2860041e+00  2.5625241e+00 -1.2271963e+01  7.3126273e+00
 -1.2842672e+01  6.2810106e+00 -1.0282027e+01  5.6302052e+00
 -6.2244492e+00  4.8846512e+00 -5.0706282e+00  7.1202192e+00
 -5.7060499e+00  5.9692011e+00 -2.3009353e+00  3.2833836e+00
 -1.1219167e+00  4.3618155e+00 -1.8202667e+00  2.8196180e+00
  3.2434252e-01  2.6917481e+00 -1.3718556e-01  2.5525801e+00
  1.3597190e+00  1.5671850e+00  1.2947577e+00  1.7676194e+00
  1.2355603e+00  1.2491734e+00  1.1555245e+00  1.5614197e+00]",Brown Headed
"[-3.7388965e+02 -1.2509751e+01 -6.3533058e+01  1.6500114e+01
 -4.9897560e+01  1.2468164e+01 -2.2190548e+01  1.4873999e-01
 -9.4642735e+00 -5.8617556e-01 -1.1371857e+01  5.3960366e+00
 -1.2781102e+01  5.0327578e+00 -8.8801394e+00  3.1918633e+00
 -5.8465686e+00  5.2206187e+00 -7.5663247e+00  5.2660918e+00
 -7.6656003e+00  3.9689693e+00 -4.4477468e+00  9.3453139e-01
 -1.7388257e+00  2.0338938e+00 -2.5991204e+00  1.5170841e+00
 -6.0235333e-01  7.7457088e-01 -8.5974818e-01  7.9321748e-01
  7.2020525e-01 -5.7882535e-01  5.4388762e-01  1.0906466e+00
 -5.1124990e-01  8.5412312e-01  9.4239420e-01 -3.1102031e-01]",Brown Headed
"[-3.7660443e+02  7.2870384e+01 -5.6374388e+00  4.7121063e+01
 -8.8514595e+00  1.7433720e+01  1.1881724e-01  1.0322140e+01
 -5.3041353e+00  1.2838558e+01 -3.7352691e+00  9.0276976e+00
 -3.8861117e+00  7.7006445e+00 -4.6584091e+00  7.0075898e+00
 -4.7042136e+00  3.6190133e+00 -2.9644744e+00  3.0517387e+00
 -4.1976953e+00  1.7532881e+00 -1.6057453e+00  8.0526125e-01
 -2.6879680e+00  8.1731319e-01 -1.3055545e+00 -7.9733986e-01
 -1.0351723e+00 -6.1510527e-01 -5.6890607e-01 -1.0028492e+00
 -1.3724474e+00 -1.1082302e+00 -9.4044656e-01 -1.9209355e+00
 -7.3769802e-01 -1.4137986e+00 -3.0954865e-01 -2.1332271e+00]",Brown Headed
"[-3.6639380e+02  2.2833853e+01 -3.9313393e+01 -2.1796064e+01
 -6.1589092e+01  1.8307471e+00 -2.6945189e+01  5.1955557e+00
 -1.8042414e+01  2.1644404e+00 -1.7006763e+01  3.9893937e+00
 -1.8192619e+01  4.9709353e+00 -1.4720523e+01  5.9441214e+00
 -8.5459881e+00  2.1955149e+00 -6.1843705e+00  2.2111568e+00
 -4.3613787e+00  1.0413567e+00 -3.0659940e+00 -1.3217827e+00
 -2.1965470e+00  2.8019032e-01 -3.7401457e+00  7.9627562e-01
 -2.1102040e+00 -3.0969003e-01 -1.2165017e+00 -4.8815560e-02
 -1.6498505e+00 -7.9739803e-01 -6.7953128e-01 -1.5743014e+00
 -6.4662051e-01 -1.5418133e+00 -8.2152092e-01 -1.6691971e+00]",Brown Headed
"[-3.7109674e+02 -5.6882622e+01 -1.0607272e+02  1.2636433e+01
 -2.7634848e+01  7.6969457e+00 -1.3873578e+01  8.3042059e+00
 -1.1903878e+01  8.8135452e+00 -6.4599104e+00  8.8499680e+00
 -4.3921056e+00  5.1667380e+00 -2.0281377e+00  4.6870885e+00
 -2.9071076e+00  6.2877584e+00  6.7574513e-01 -3.2935810e+00
  3.4924331e-01  3.4891584e+00 -3.3017833e+00 -7.7631778e-01
  5.9034413e-01  1.6541778e-01 -2.0556698e+00 -1.2195750e+00
  8.7307554e-01 -1.4799100e-01 -4.8463255e-01 -7.4165389e-02
  1.4651312e+00 -9.1722751e-01  1.3760968e+00  5.3244734e-01
 -5.5476850e-01 -8.2793403e-01  1.5844859e+00 -1.1060500e+00]",White Napped
"[-4.22037537e+02  1.44007854e+01 -7.04312668e+01  1.06493406e+01
 -3.68834648e+01  2.98565578e+00 -2.93048935e+01 -3.91310811e-01
 -1.80819054e+01  8.25233936e+00 -1.53487835e+01  5.32127953e+00
 -6.62407970e+00  1.08493185e+01 -6.89778042e+00  9.54575634e+00
 -3.66469884e+00  8.28293037e+00 -2.50142932e+00  5.83914185e+00
 -2.33345914e+00  6.53109121e+00 -3.21312428e+00  4.23712301e+00
 -1.06378806e+00  2.85646677e+00 -2.03815174e+00  3.30098534e+00
  7.42641538e-02  2.85214734e+00  1.57577312e+00  4.26192904e+00
  3.24655128e+00  2.75989795e+00  1.36489248e+00  2.68555832e+00
  1.60004508e+00  4.36408252e-01  3.54617059e-01  1.03720462e+00]",White Napped
"[-3.6379868e+02  1.3803864e+01 -3.0419756e+01  2.4185772e+01
  5.2735643e+00  2.3124650e+00 -9.1455011e+00  1.5657611e+01
 -1.2971830e+01  8.0304070e+00 -3.9784710e+00  1.4906105e+01
 -1.3715885e+01  1.1309977e+01 -7.3923721e+00  8.9416161e+00
 -9.2056608e+00  8.5761814e+00 -5.3289995e+00  6.1194930e+00
 -4.9438825e+00  5.7592249e+00 -4.1963415e+00  2.9525113e+00
 -4.0263410e+00  2.3107545e+00 -3.7892492e+00  3.2052276e+00
 -7.3679364e-01  1.6294521e+00 -1.4431636e+00  2.1438198e+00
 -1.2681730e+00  1.2449797e+00 -1.6568193e-01  1.6753895e+00
 -5.5062674e-02  8.3458233e-01 -3.0239025e-01  3.7495977e-01]",White Napped
"[-4.5332440e+02  2.6029925e+00 -4.7715382e+01  2.7087099e+01
  7.9314055e+00  2.1050558e+00  8.5195656e+00  7.3546357e+00
 -2.0606918e+00  2.9133208e+00  3.6413882e+00  5.4526100e+00
  4.6386150e-01  8.3600456e-01  2.4553452e+00  2.2813089e+00
 -3.9356837e-01  4.2608109e+00  1.1437932e+00 -5.9331346e-01
  1.7597498e+00  2.7404597e+00 -8.6287636e-01  9.7441661e-01
  4.8295212e-01 -1.1711116e+00 -2.6201612e-01  3.9286953e-01
 -9.5816839e-01 -1.0541072e-01  1.2439816e+00 -1.5953417e+00
  6.7214191e-01  6.4540035e-01 -1.5127297e-01  1.4388031e-01
  1.0391529e+00  1.2366032e-01  5.1894754e-01 -5.9510171e-01]",White Napped
"[-358.7957      -23.618282    -56.33325      24.898937    -10.481578
   15.353421    -14.535435      3.5484393    -8.395815     10.367982
  -11.7486725     8.797247     -0.96889275   11.65068      -2.3953726
   13.179345      2.5203767    13.6037445     4.1891193    10.987433
    4.596884     11.122802      3.2120178     8.444516      3.7392645
    6.789901      2.539496      3.953823      1.8354504     3.1967232
    1.5914277     1.2491814     0.72884136    1.1246257     0.979857
    0.4771993     0.5929754     0.56581473    1.0131564     0.41345754]",White Napped
"[-5.2902484e+02  1.3234034e+01 -7.4975845e+01  1.7344652e+01
 -2.9277967e+01 -6.6987982e+00 -2.4740189e+01 -6.2807379e+00
 -2.5051500e+01 -6.4521403e+00 -1.5459885e+01 -1.1639934e+00
 -1.4869060e+01  1.6158965e+00 -1.3770111e+01  8.1941879e-01
 -8.7060795e+00  1.8274627e+00 -7.7153244e+00  1.0365900e+00
 -6.0694327e+00  1.0324570e+00 -6.1185637e+00 -1.6511974e-01
 -4.7597270e+00  5.8729786e-01 -4.2339206e+00  1.5926495e+00
 -1.3249694e+00  5.3640908e-01 -2.3617799e+00  7.7176517e-01
 -1.6529948e+00 -6.0769284e-01 -1.1860788e+00 -3.7375167e-02
 -2.1573675e+00 -6.1855710e-01 -5.9300566e-01 -1.2618939e+00]",White Napped
"[-5.2902484e+02  1.3234034e+01 -7.4975845e+01  1.7344652e+01
 -2.9277967e+01 -6.6987982e+00 -2.4740189e+01 -6.2807379e+00
 -2.5051500e+01 -6.4521403e+00 -1.5459885e+01 -1.1639934e+00
 -1.4869060e+01  1.6158965e+00 -1.3770111e+01  8.1941879e-01
 -8.7060795e+00  1.8274627e+00 -7.7153244e+00  1.0365900e+00
 -6.0694327e+00  1.0324570e+00 -6.1185637e+00 -1.6511974e-01
 -4.7597270e+00  5.8729786e-01 -4.2339206e+00  1.5926495e+00
 -1.3249694e+00  5.3640908e-01 -2.3617799e+00  7.7176517e-01
 -1.6529948e+00 -6.0769284e-01 -1.1860788e+00 -3.7375167e-02
 -2.1573675e+00 -6.1855710e-01 -5.9300566e-01 -1.2618939e+00]",White Napped
"[-4.2596417e+02  1.7203451e+01 -7.2880867e+01  5.8819397e+01
 -2.6121511e+01  1.2055659e+01 -4.0202813e+00  4.4023209e+00
 -8.6226339e+00  2.3097453e+00 -8.4727859e+00  9.8963070e+00
 -9.3160696e+00  7.4808874e+00 -7.2135501e+00  5.4227729e+00
 -5.5223980e+00  4.7308507e+00 -1.9674321e+00  4.1191669e+00
 -5.6166353e+00  5.1777864e+00 -4.7504754e+00  1.4045248e+00
 -2.3304939e+00  1.6676103e+00 -2.2572021e+00  2.7808115e+00
 -3.3566314e-01  1.9372371e+00 -1.3010484e+00  1.7442293e+00
  3.7145264e-02 -4.3208364e-01 -7.4150258e-01  3.8838383e-02
 -1.3250444e+00 -4.8344675e-01  5.4751819e-01 -1.2890323e+00]",White Napped
"[-4.2596417e+02  1.7203451e+01 -7.2880867e+01  5.8819397e+01
 -2.6121511e+01  1.2055659e+01 -4.0202813e+00  4.4023209e+00
 -8.6226339e+00  2.3097453e+00 -8.4727859e+00  9.8963070e+00
 -9.3160696e+00  7.4808874e+00 -7.2135501e+00  5.4227729e+00
 -5.5223980e+00  4.7308507e+00 -1.9674321e+00  4.1191669e+00
 -5.6166353e+00  5.1777864e+00 -4.7504754e+00  1.4045248e+00
 -2.3304939e+00  1.6676103e+00 -2.2572021e+00  2.7808115e+00
 -3.3566314e-01  1.9372371e+00 -1.3010484e+00  1.7442293e+00
  3.7145264e-02 -4.3208364e-01 -7.4150258e-01  3.8838383e-02
 -1.3250444e+00 -4.8344675e-01  5.4751819e-01 -1.2890323e+00]",White Napped
"[-3.6865295e+02  8.8610229e+00 -7.3980247e+01  5.4877731e+01
 -3.2662125e+01  2.2828835e+01 -1.2628861e+01  9.2774639e+00
 -9.0445127e+00  4.0914245e+00 -4.0993938e+00  9.4163618e+00
 -8.7804718e+00  8.4980268e+00 -6.1393576e+00  7.2762141e+00
 -4.2819767e+00  6.2058539e+00 -3.6029270e+00  2.6014333e+00
 -2.6025760e+00  1.9295536e+00 -4.4315786e+00  3.2776301e+00
 -2.4429429e+00  1.7303271e+00 -2.4552951e-02  2.2262793e+00
  2.2979622e-01  1.5259184e-01 -4.0407562e-01  4.8777413e-01
 -1.8801968e+00 -8.5467035e-01 -9.1929662e-01 -1.7963822e+00
 -9.0980083e-02 -1.3793440e+00 -1.4133242e+00 -8.1050563e-01]",White Napped
"[-3.6865295e+02  8.8610229e+00 -7.3980247e+01  5.4877731e+01
 -3.2662125e+01  2.2828835e+01 -1.2628861e+01  9.2774639e+00
 -9.0445127e+00  4.0914245e+00 -4.0993938e+00  9.4163618e+00
 -8.7804718e+00  8.4980268e+00 -6.1393576e+00  7.2762141e+00
 -4.2819767e+00  6.2058539e+00 -3.6029270e+00  2.6014333e+00
 -2.6025760e+00  1.9295536e+00 -4.4315786e+00  3.2776301e+00
 -2.4429429e+00  1.7303271e+00 -2.4552951e-02  2.2262793e+00
  2.2979622e-01  1.5259184e-01 -4.0407562e-01  4.8777413e-01
 -1.8801968e+00 -8.5467035e-01 -9.1929662e-01 -1.7963822e+00
 -9.0980083e-02 -1.3793440e+00 -1.4133242e+00 -8.1050563e-01]",White Napped
"[-3.83257385e+02  1.49255962e+01 -3.91096497e+01  3.48397446e+01
  4.98670387e+00  6.37984800e+00 -1.77021046e+01  1.16146965e+01
 -9.62255955e+00  1.29895992e+01 -7.89730835e+00  5.98665190e+00
 -3.54895759e+00  9.97613811e+00 -1.40983610e+01  4.77712631e+00
 -5.53033304e+00  9.89054024e-01 -1.01449566e+01  2.98028803e+00
 -3.15226531e+00  1.11316824e+00 -7.71333218e+00  1.51035833e+00
 -1.93085110e+00  6.58734798e-01 -3.91522694e+00  2.25793576e+00
 -1.14903128e+00  1.80017918e-01 -2.26168990e+00  1.11365771e+00
 -2.81794739e+00 -6.81680679e-01 -8.82113278e-01 -6.88861728e-01
 -2.15794897e+00 -4.06346619e-01 -1.10536091e-01 -1.32627010e+00]",White Napped
"[-3.83257385e+02  1.49255962e+01 -3.91096497e+01  3.48397446e+01
  4.98670387e+00  6.37984800e+00 -1.77021046e+01  1.16146965e+01
 -9.62255955e+00  1.29895992e+01 -7.89730835e+00  5.98665190e+00
 -3.54895759e+00  9.97613811e+00 -1.40983610e+01  4.77712631e+00
 -5.53033304e+00  9.89054024e-01 -1.01449566e+01  2.98028803e+00
 -3.15226531e+00  1.11316824e+00 -7.71333218e+00  1.51035833e+00
 -1.93085110e+00  6.58734798e-01 -3.91522694e+00  2.25793576e+00
 -1.14903128e+00  1.80017918e-01 -2.26168990e+00  1.11365771e+00
 -2.81794739e+00 -6.81680679e-01 -8.82113278e-01 -6.88861728e-01
 -2.15794897e+00 -4.06346619e-01 -1.10536091e-01 -1.32627010e+00]",White Napped
"[-2.50425446e+02  6.86140060e+01 -2.38467579e+01  3.87150269e+01
 -1.50207272e+01  2.33103008e+01 -4.20849085e+00  1.92115250e+01
 -5.33926058e+00  1.22719727e+01 -7.36331320e+00  9.19303513e+00
 -8.11997414e+00  8.43070698e+00 -6.97509861e+00  6.44598150e+00
 -5.26070833e+00  5.29716015e+00 -5.68642950e+00  4.12400961e+00
 -2.86306357e+00  2.63808608e+00 -4.24529791e+00  2.62117815e+00
 -2.14082718e+00  1.25194609e+00 -1.59951723e+00  8.38429630e-01
 -1.96631241e+00  8.09936404e-01 -6.14417493e-01  1.46410510e-01
 -2.75889691e-02 -6.24554813e-01  1.18105456e-01 -1.10492074e+00
 -1.40140831e-01 -3.83644074e-01 -6.48333490e-01 -3.65994513e-01]",White Napped
"[-2.50425446e+02  6.86140060e+01 -2.38467579e+01  3.87150269e+01
 -1.50207272e+01  2.33103008e+01 -4.20849085e+00  1.92115250e+01
 -5.33926058e+00  1.22719727e+01 -7.36331320e+00  9.19303513e+00
 -8.11997414e+00  8.43070698e+00 -6.97509861e+00  6.44598150e+00
 -5.26070833e+00  5.29716015e+00 -5.68642950e+00  4.12400961e+00
 -2.86306357e+00  2.63808608e+00 -4.24529791e+00  2.62117815e+00
 -2.14082718e+00  1.25194609e+00 -1.59951723e+00  8.38429630e-01
 -1.96631241e+00  8.09936404e-01 -6.14417493e-01  1.46410510e-01
 -2.75889691e-02 -6.24554813e-01  1.18105456e-01 -1.10492074e+00
 -1.40140831e-01 -3.83644074e-01 -6.48333490e-01 -3.65994513e-01]",White Napped
"[-4.2264740e+02  6.5825783e+01 -4.0805058e+01  3.4071121e+01
 -2.8361559e+01  1.5282962e+01 -1.5497790e+01  8.4883213e+00
 -1.1760982e+01  8.4137068e+00 -1.5504266e+01  1.1974490e+01
 -1.5531998e+01  1.0413791e+01 -9.7375135e+00  8.9251938e+00
 -6.9551425e+00  7.7135549e+00 -7.5425162e+00  9.3299389e+00
 -9.9699602e+00  9.1066818e+00 -7.3521376e+00  6.9839244e+00
 -3.9437776e+00  2.3157759e+00 -1.9012184e+00  1.8670802e+00
 -2.9760642e+00  4.2428551e+00 -4.9538813e+00  4.1592875e+00
 -4.6016273e+00  4.2231274e+00 -2.5703192e+00 -2.2339506e-01
 -5.5451077e-01 -5.1871639e-01 -4.3660846e-01 -2.9316449e-01]",White Napped
"[-4.2264740e+02  6.5825783e+01 -4.0805058e+01  3.4071121e+01
 -2.8361559e+01  1.5282962e+01 -1.5497790e+01  8.4883213e+00
 -1.1760982e+01  8.4137068e+00 -1.5504266e+01  1.1974490e+01
 -1.5531998e+01  1.0413791e+01 -9.7375135e+00  8.9251938e+00
 -6.9551425e+00  7.7135549e+00 -7.5425162e+00  9.3299389e+00
 -9.9699602e+00  9.1066818e+00 -7.3521376e+00  6.9839244e+00
 -3.9437776e+00  2.3157759e+00 -1.9012184e+00  1.8670802e+00
 -2.9760642e+00  4.2428551e+00 -4.9538813e+00  4.1592875e+00
 -4.6016273e+00  4.2231274e+00 -2.5703192e+00 -2.2339506e-01
 -5.5451077e-01 -5.1871639e-01 -4.3660846e-01 -2.9316449e-01]",White Napped
"[-3.9291876e+02  8.5104843e+01 -7.3552170e+01  1.9312507e+00
 -4.2635506e+01 -1.1517042e+01 -2.4575462e+01  3.1160941e+00
 -1.2459359e+01 -1.1187025e+00 -1.0470436e+01  1.5083206e+00
 -8.6953392e+00 -5.3846461e-01 -1.0434929e+01 -2.0017324e-02
 -5.8059387e+00 -9.8683751e-01 -5.5432830e+00  1.9358035e+00
 -2.0165746e+00 -1.6462053e+00 -3.4517901e+00 -3.9638741e+00
 -4.2549486e+00 -6.3257205e-01 -2.8643870e+00  3.1569138e-01
  3.5900192e+00  2.0936737e+00 -1.3364487e+00 -5.5525455e+00
 -2.5654967e+00 -4.0317430e+00 -8.4818476e-01 -2.7752137e+00
 -1.1437067e+00 -1.1929944e+00 -1.3179547e+00 -8.8109988e-01]",White Napped
"[-3.6379868e+02  1.3803864e+01 -3.0419756e+01  2.4185772e+01
  5.2735643e+00  2.3124650e+00 -9.1455011e+00  1.5657611e+01
 -1.2971830e+01  8.0304070e+00 -3.9784710e+00  1.4906105e+01
 -1.3715885e+01  1.1309977e+01 -7.3923721e+00  8.9416161e+00
 -9.2056608e+00  8.5761814e+00 -5.3289995e+00  6.1194930e+00
 -4.9438825e+00  5.7592249e+00 -4.1963415e+00  2.9525113e+00
 -4.0263410e+00  2.3107545e+00 -3.7892492e+00  3.2052276e+00
 -7.3679364e-01  1.6294521e+00 -1.4431636e+00  2.1438198e+00
 -1.2681730e+00  1.2449797e+00 -1.6568193e-01  1.6753895e+00
 -5.5062674e-02  8.3458233e-01 -3.0239025e-01  3.7495977e-01]",White Napped
"[-4.5332440e+02  2.6029925e+00 -4.7715382e+01  2.7087099e+01
  7.9314055e+00  2.1050558e+00  8.5195656e+00  7.3546357e+00
 -2.0606918e+00  2.9133208e+00  3.6413882e+00  5.4526100e+00
  4.6386150e-01  8.3600456e-01  2.4553452e+00  2.2813089e+00
 -3.9356837e-01  4.2608109e+00  1.1437932e+00 -5.9331346e-01
  1.7597498e+00  2.7404597e+00 -8.6287636e-01  9.7441661e-01
  4.8295212e-01 -1.1711116e+00 -2.6201612e-01  3.9286953e-01
 -9.5816839e-01 -1.0541072e-01  1.2439816e+00 -1.5953417e+00
  6.7214191e-01  6.4540035e-01 -1.5127297e-01  1.4388031e-01
  1.0391529e+00  1.2366032e-01  5.1894754e-01 -5.9510171e-01]",White Napped
"[-358.7957      -23.618282    -56.33325      24.898937    -10.481578
   15.353421    -14.535435      3.5484393    -8.395815     10.367982
  -11.7486725     8.797247     -0.96889275   11.65068      -2.3953726
   13.179345      2.5203767    13.6037445     4.1891193    10.987433
    4.596884     11.122802      3.2120178     8.444516      3.7392645
    6.789901      2.539496      3.953823      1.8354504     3.1967232
    1.5914277     1.2491814     0.72884136    1.1246257     0.979857
    0.4771993     0.5929754     0.56581473    1.0131564     0.41345754]",White Napped
"[-3.0341122e+02  5.8464550e+01 -8.4161461e+01  6.4787437e+01
  1.4933087e+01 -9.0952854e+00 -9.2697115e+00  8.0334902e+00
 -1.3665731e+00  1.1881833e+01 -1.3856564e+00  6.8273087e+00
  4.1058860e+00  1.1687683e+01  1.9775014e+00  5.0589528e+00
  3.7791076e+00  9.4271994e+00  2.3833942e+00  6.6981010e+00
  3.2524745e+00  2.0594988e+00  2.7164102e+00  4.2217345e+00
 -1.7142375e+00  3.0639106e-01  2.4811032e+00 -1.7011205e+00
 -2.3620472e+00 -2.5276587e+00 -1.5728313e-01 -2.2359338e+00
 -9.3369313e-02 -2.4355252e-01  3.2299428e+00  1.1833789e+00
  2.0977097e+00  2.2964070e+00  3.4582026e+00  1.0499127e-01]",White Napped
"[-211.63208       3.510159    -46.233578     61.96361     -34.56805
   31.644392    -12.361378     16.289604    -23.06263       8.286636
  -10.3343525     7.6158247   -14.7872925    11.4397545    -8.981644
    8.311774     -9.158832      5.6463523   -10.036582      0.33625934
   -3.4794772     3.6130478    -9.113626      2.7853131   -10.632034
    0.55470717   -6.4729576    -1.462683     -5.3277645    -0.8440666
   -7.8447695    -0.86684465   -4.963824      0.94740665   -5.646728
   -0.43477774   -3.304014     -0.62270254   -3.1397984    -1.3784006 ]",White Napped
"[-3.68077423e+02  6.11471100e+01 -5.55021629e+01  2.89735031e+01
  2.64520049e+00 -1.93432167e-01 -1.70147190e+01 -3.21394992e+00
 -9.48390007e+00 -3.18451118e+00 -1.07218075e+01 -3.36655354e+00
 -3.35054255e+00 -3.05422330e+00 -8.38467407e+00 -2.08772445e+00
 -2.09128356e+00 -3.60884094e+00 -2.13735676e+00 -3.26875210e+00
 -3.26980782e+00 -1.15916240e+00 -1.72549713e+00 -4.87053823e+00
 -1.73017621e+00 -1.20893252e+00 -1.52356148e+00 -2.97764707e+00
 -1.71679389e+00 -1.52089083e+00 -1.36402655e+00 -3.02622056e+00
 -1.75164735e+00 -4.62322384e-01 -1.85420051e-01 -2.66042423e+00
 -2.17978984e-01 -4.40920532e-01 -6.71576381e-01 -4.42116290e-01]",White Napped
"[-2.9647922e+02  6.6284134e+01 -9.5506325e+01  2.6451258e+01
 -1.7738016e+01  5.2224827e+00 -1.6805902e+01 -1.5824900e+01
 -2.4745333e+01  4.8892117e+00 -1.7492437e+01 -2.8806386e+00
 -1.0706196e+01 -4.1798143e+00 -1.2135742e+01  3.3396015e+00
 -1.0496195e+01 -2.9458697e+00 -6.8709507e+00 -2.6093228e+00
 -8.0878296e+00 -2.4137576e+00 -7.9044557e+00 -9.2027843e-01
 -4.6541400e+00 -5.6950235e+00 -2.9125347e+00 -1.5926323e+00
 -4.1774516e+00 -1.6136900e-01 -2.1534390e+00 -3.2870564e+00
  6.0040390e-01 -1.8772340e+00 -2.9693487e+00 -2.3512275e+00
 -1.1872010e+00 -3.3801248e+00 -2.2507592e-01 -1.9542497e+00]",White Napped
"[-352.2797       33.821285    -50.398083     26.549192    -17.97346
    2.2390084   -16.25683      11.668709    -14.502304      5.7303762
  -11.527475      4.7840824    -9.457085     11.728005     -7.731869
    4.8236346    -5.2784324     5.0456133    -8.241344      4.883857
   -5.363901      1.4567382    -6.0633397     0.44351655   -6.55288
    0.60372204   -4.3972116    -1.5981047    -4.480189     -0.51990855
   -4.282987     -1.4366322    -2.5782828    -1.0771799    -2.0184479
   -0.6059526    -1.8688809    -1.1474302    -0.7157673    -0.83777577]",White Napped
"[-284.67978      43.696827    -38.013844     25.83873      -9.421193
   14.662787     -8.317258     10.58229     -10.655823     19.33083
  -22.094187      4.9296436    -9.026242      7.157054    -12.727168
    4.989505     -8.920025      2.7407734    -7.8408785    -0.8518229
   -3.9884672    -0.4861946    -6.5063543    -1.1875576    -4.2230387
   -0.80449826   -5.5525336    -0.88712794   -4.915542     -0.6504191
   -5.292332     -1.0789115    -2.5375514    -2.3392246    -1.4515649
   -3.129043     -1.6162978    -3.3155174    -1.9605472    -4.3442874 ]",White Napped
"[-3.1125323e+02  3.5056282e+01 -7.4146843e+01  1.1928228e+01
 -3.0122942e+01 -8.2248392e+00 -3.4272137e+01 -1.5146748e+01
 -3.6394169e+01  1.2339777e-01 -3.3145851e+01 -1.0861103e+01
 -1.8961845e+01 -4.5412121e+00 -2.0515099e+01 -5.0081520e+00
 -1.3971734e+01 -4.4748225e+00 -6.5112367e+00 -4.9051743e+00
 -7.1089139e+00  1.1616040e+00 -4.7985997e+00 -1.8542546e+00
 -1.4650772e+00  4.0384117e-01 -8.8829529e-01  1.4398590e+00
 -1.4858534e+00  1.7110360e+00  1.0730845e+00 -3.6840621e-01
  1.7717508e+00  7.1367425e-01  1.1127067e+00  4.4746563e-01
  1.4397225e+00  8.5980929e-02  2.2057226e+00 -5.5280197e-02]",White Napped
"[-4.0539581e+02  2.8138412e+01 -9.5149826e+01 -5.3195208e-01
 -5.3114076e+00 -2.2295374e+01 -3.7155659e+01 -7.4644723e+00
 -1.7577885e+01 -4.4919310e+00 -1.8780293e+01 -4.1181011e+00
 -1.0844746e+00 -1.5520324e+00 -9.5468769e+00  6.0458679e+00
  4.7916684e+00 -1.0197234e+00  9.5236748e-01  5.3048306e+00
  2.9153886e+00  3.0556536e+00  3.2910252e+00  1.8031846e-01
  4.6203165e+00  3.0891581e+00  1.3563761e+00  1.5261400e+00
  3.1668808e+00 -4.5453715e-01  3.7250812e+00  7.6506996e-01
 -1.2159417e+00 -1.9678979e-01  1.8474311e+00 -3.4193668e+00
 -1.4071958e+00 -2.5824362e-01 -9.3057883e-01 -2.1978981e+00]",White Napped
"[-3.9018176e+02 -2.6105940e+00 -5.4956661e+01 -4.7465076e+00
 -2.9852661e+01 -7.2903285e+00 -3.5539211e+01 -9.1148794e-01
 -1.9372316e+01 -9.1660423e+00 -9.2625799e+00  6.5658436e+00
 -2.7249820e+00  1.0843532e+01  4.9086390e+00  1.2734563e+01
  2.7518256e+00  8.9314699e+00  4.8248000e+00  2.4096861e+00
  3.9568088e+00 -2.7921112e+00  1.4743232e+00 -4.1004648e+00
 -9.6901083e-01 -6.7592964e+00 -8.4407264e-01 -5.1423182e+00
 -2.0672181e+00 -2.7049263e+00  7.7915472e-01 -2.1464609e-01
  5.5255443e-01  2.3916551e-01  8.3345836e-01  8.8438535e-01
  7.1788162e-01  2.4137506e+00  9.3037140e-01  1.0389230e+00]",White Napped
"[-3.6490997e+02  3.2129021e+01 -6.0428669e+01  4.8163170e+01
  1.6603409e+01  1.5321854e+01 -3.9217789e+01  6.6148562e+00
  1.2919735e+01 -8.6149979e+00 -2.0323666e+01 -2.2057045e+00
 -3.0276847e-01  2.0091763e+00 -2.0141001e+01 -6.5995865e+00
  5.2800751e+00 -2.2128079e+00 -1.8660633e+01  3.3426740e+00
 -1.8326694e+00 -1.4283170e+01  1.9108264e+00 -7.4040999e+00
 -8.2306261e+00 -5.9033475e+00 -1.4170030e+00 -6.0601673e+00
 -1.0124163e+01 -2.4927881e+00 -8.2881331e-01 -8.3803530e+00
 -4.1263118e+00 -3.6627121e+00 -5.5426517e+00 -2.0488036e+00
 -3.9031031e+00 -8.0204287e+00 -5.7695401e-01 -3.0458694e+00]",White Napped
"[-3.4030743e+02  2.4635241e+01 -9.4820992e+01  9.3198595e+00
 -3.4163216e+01 -1.9999378e+01 -3.7836243e+01 -1.8900999e+01
 -3.1101055e+01  1.2775162e+00 -2.5108969e+01 -1.2571468e+01
 -9.3598690e+00  6.6779137e-01 -1.1203980e+01  2.1075964e-01
 -7.3869319e+00  3.8580422e+00  4.7719417e+00 -2.0148263e+00
 -3.6498997e-02  9.7347221e+00  2.4444025e+00  1.8791596e+00
  3.6621692e+00  4.0921121e+00  5.2269797e+00  4.4467034e+00
 -3.5397997e-01  2.2531269e+00  7.7425146e+00 -1.5837194e+00
  1.0050100e+00  1.8566236e+00  1.5723362e+00  3.2947981e-01
  1.1016419e+00 -3.1716027e+00  1.6823442e+00  1.2858706e-02]",White Napped
"[-5.6656384e+02  5.0872711e+01 -2.9953136e+01  4.8157001e+01
 -6.0779185e+00  3.0511358e-01 -3.6063832e-01  1.9975574e+01
 -1.0105413e+01  1.3266360e+01 -6.6052117e+00  7.2790079e+00
 -3.1620746e+00  9.5414124e+00 -7.7953229e+00  7.6234770e+00
 -4.9150877e+00  3.7212327e+00 -4.5860367e+00  4.4600368e+00
 -5.1595936e+00  4.1713777e+00 -2.9321253e+00  6.4705410e-03
 -2.7363639e+00  1.7270595e+00 -2.2568588e+00  1.9913803e+00
 -1.3486142e-01  5.7248932e-01 -2.4437197e-01  1.6486894e+00
  6.6260636e-01 -4.6677479e-01 -3.3573717e-01  1.2267141e-01
  3.7179831e-01 -1.9806492e-01  2.3372632e-01 -1.1581168e+00]",White Napped
"[-4.0552478e+02  6.8898415e+01 -1.7330090e+01  2.8583216e+01
 -1.0328701e+00  2.8348808e+01  1.2338550e+00  1.4442909e+01
 -1.1354665e+01  1.6453508e+01 -4.8682423e+00  1.5264862e+01
 -1.1045907e+01  1.1230961e+01 -8.2285967e+00  8.2761240e+00
 -6.4689360e+00  9.5845385e+00 -8.8558788e+00  4.6043916e+00
 -9.9126453e+00  3.3763485e+00 -5.6020384e+00  2.7572134e+00
 -8.7841825e+00  2.1657361e-02 -8.6466455e+00  7.1953291e-01
 -5.2567911e+00 -3.6943862e-01 -5.0375099e+00  2.0448341e+00
 -3.2443981e+00  1.4153113e+00 -4.3473477e+00 -4.8253849e-01
 -4.1682715e+00 -1.7975572e+00 -3.5352390e+00  6.6586959e-01]",White Napped
